EmpID,EmpFname,EmpLname,BeginDate,EndDate,EmpBirthDate
1,Ann,Scott,2017-01-30,,1999-04-23
2,Veronica,Patton,2017-06-26,,1988-09-17
3,Anna,Mcmillan,2022-12-28,2023-08-30,1979-01-31
4,Ryan,Garcia,2018-08-04,,1992-12-03
5,Gabriela,Crawford,2015-10-26,,1996-10-12
6,John,Huffman,2017-04-13,,1969-08-18
7,Paul,Lee,2020-07-21,2024-12-22,1988-06-01
8,Wayne,Terry,2017-04-26,,2000-03-15
9,William,Ross,2021-05-28,,1985-04-06
10,Benjamin,Hill,2022-03-08,,1976-01-09
11,Aaron,Gomez,2021-11-15,,1994-12-05
12,Karen,Lewis,2015-03-05,,1959-05-28
13,Anthony,Thomas,2015-07-05,,1988-06-10
14,Anthony,Harris,2019-04-12,2023-10-17,2000-12-31
15,Roberto,White,2017-04-23,,2001-09-03
16,Laurie,Sampson,2022-09-24,,1987-05-10
17,Suzanne,Russell,2016-04-21,,1986-12-06
18,Shannon,Holden,2018-04-04,2024-01-08,1989-11-12
19,Tyler,Sanchez,2015-01-20,,1984-01-09
20,Tami,Johnson,2017-09-11,2024-03-04,1967-05-17
21,Barbara,Smith,2022-05-25,,1962-10-23
22,Ronald,Barnett,2018-09-16,,1998-02-03
23,Betty,Richards,2016-12-26,,1987-06-01
24,Kenneth,Potter,2019-05-17,,1967-11-03
25,Douglas,Richardson,2017-07-24,2024-06-06,1966-09-11
26,Frank,Gilbert,2019-03-03,,1984-02-03
27,Latasha,Clark,2019-07-05,,1993-11-25
28,Melanie,Smith,2015-07-03,2023-10-13,1980-08-22
29,Brittany,Gonzalez,2016-09-30,,1991-03-17
30,Joseph,Hines,2016-08-03,,1959-06-17
31,Laura,Smith,2021-09-18,,1971-08-21
32,Spencer,Decker,2017-10-05,,1967-11-19
33,Patrick,Ramos,2021-12-21,,1980-09-25
34,Natasha,Banks,2022-07-01,,1990-02-20
35,Michael,Booker,2017-11-23,,1984-02-11
36,Kendra,Payne,2019-09-28,,1996-06-03
37,Dawn,Garcia,2022-08-18,,1960-04-18
38,Jonathan,Gonzalez,2021-05-25,,1994-07-23
39,Tammy,Harrison,2022-12-18,2023-05-11,1960-02-19
40,James,Rose,2022-01-08,,1969-07-19
41,Debra,Velazquez,2018-06-22,,1999-09-27
42,Jeremy,White,2017-04-19,,1962-07-07
43,Joseph,Stewart,2022-04-30,,1975-04-24
44,Tiffany,Burns,2018-01-21,2023-04-19,1995-06-01
45,Nancy,Weber,2019-08-04,,1978-12-29
46,Amber,Jones,2022-09-28,,1989-02-03
47,Lauren,Moreno,2015-02-11,,1991-10-25
48,Sean,Moore,2019-08-31,,1988-02-16
49,Jeanette,Thomas,2019-08-22,,1976-12-03
50,Keith,Schaefer,2019-03-25,,1990-07-06
51,Brian,Wang,2018-02-13,,1971-09-10
52,Allison,Benton,2017-02-15,2023-08-29,1991-03-18
53,Abigail,Adams,2020-06-22,,1993-04-07
54,Stephen,Perkins,2017-11-04,,1986-06-15
55,Jennifer,Saunders,2021-09-24,2023-03-04,1974-05-29
56,Annette,Rodriguez,2015-02-12,2024-06-02,1990-06-15
57,Julie,Austin,2022-01-10,,1985-07-24
58,Jennifer,Cole,2022-10-07,,1996-02-05
59,Lauren,Baker,2019-06-08,,1996-09-21
60,Steven,Burke,2015-06-21,,2000-06-06
61,Claudia,Santiago,2022-10-21,2024-08-24,1983-11-23
62,Anna,Alexander,2020-01-14,,1988-08-24
63,Kevin,Baker,2016-06-11,,1977-12-24
64,Michael,Jones,2022-06-08,,1964-11-14
65,Margaret,Lee,2022-09-25,,2004-12-08
66,William,Ruiz,2017-07-02,,1996-10-07
67,Tracy,Martin,2015-10-16,,1992-10-25
68,Joshua,Martin,2022-02-24,,1961-07-09
69,Melanie,Wright,2016-04-13,,2004-03-26
70,Valerie,Kennedy,2016-04-17,,1963-11-13
71,Chris,Pittman,2016-10-12,,1974-09-03
72,Lisa,Peterson,2020-06-24,,1988-12-11
73,Wendy,Scott,2015-09-30,,1984-10-15
74,Lisa,Kelley,2017-01-21,,2001-05-02
75,Danielle,Stone,2021-01-08,2024-12-04,1983-08-05
76,Vincent,Aguilar,2018-09-02,,1987-05-16
77,Wendy,Wheeler,2016-11-16,,2003-11-16
78,Wendy,Nelson,2017-11-16,,1973-12-02
79,James,Morris,2022-08-20,,1982-03-06
80,Charles,Schultz,2022-10-17,,1981-10-04
81,Tony,Crawford,2019-06-20,2023-02-25,1974-10-10
82,Joann,Vega,2018-03-12,,1967-01-19
83,Timothy,Casey,2021-01-05,2023-08-12,1978-11-11
84,Tammie,Ramirez,2018-03-19,,1959-11-22
85,Charles,Morales,2018-03-12,,1996-06-04
86,Jeanne,Hamilton,2021-05-24,,1968-09-24
87,Steven,Rodriguez,2017-12-07,,1981-06-03
88,Craig,Decker,2016-03-20,2024-04-21,1983-11-23
89,Laura,Sullivan,2016-05-04,,1980-08-24
90,Tamara,Huff,2019-06-06,,1982-10-12
91,Deborah,Rogers,2017-04-07,,2001-03-20
92,Nicholas,Harrison,2015-12-21,,1978-10-30
93,Stephanie,Watson,2021-03-22,,1987-06-16
94,Kristine,Owens,2020-08-01,,1975-02-28
95,Jose,Ramirez,2017-04-02,,1969-10-08
96,Tanya,Cain,2016-06-04,,1985-01-04
97,Cory,Stevens,2020-10-23,2024-08-11,1998-01-15
98,Amanda,Robinson,2015-05-27,,2002-05-09
99,Jose,Jones,2020-04-04,,1967-09-22
100,Martha,Barnes,2020-05-15,,1961-07-25
101,Kristen,Cooper,2016-03-23,,1974-04-22
102,Angela,Werner,2016-04-01,,1992-07-25
103,David,Bradford,2017-07-25,,1978-05-31
104,Ashlee,Sutton,2015-06-05,,1995-08-08
105,Emily,Mckenzie,2019-05-09,,1985-08-10
106,Sabrina,Mcgee,2017-01-25,,1989-02-17
107,Keith,Mejia,2015-12-09,,1962-10-15
108,Marilyn,Blackburn,2022-10-12,,1959-11-04
109,Sarah,Oconnell,2015-10-04,,1976-08-08
110,Raymond,Hayes,2017-09-17,2024-06-21,1991-05-13
111,Desiree,Snyder,2019-11-21,,1963-03-02
112,Alex,House,2021-11-25,,1974-02-05
113,Amy,Nelson,2019-02-28,2023-04-30,1997-06-28
114,Jamie,Davis,2019-11-30,,1978-04-05
115,Veronica,King,2016-08-07,2024-01-07,1973-03-04
116,Adam,Mendez,2019-12-16,2024-11-22,1982-08-27
117,Stephanie,Adams,2021-09-11,,1995-07-27
118,Michelle,Miller,2015-06-18,,1966-04-18
119,Tiffany,Taylor,2022-06-08,2023-07-19,1970-06-30
120,Tanya,Ramirez,2020-08-24,2024-01-18,1981-03-05
121,Adrian,Johnson,2017-02-13,,1984-09-27
122,Kelly,Kane,2017-05-11,2024-11-02,1994-01-12
123,Alicia,Watson,2018-07-26,,1965-07-27
124,Debra,Montoya,2015-06-29,,1964-12-15
125,Misty,Fowler,2021-05-18,,1960-03-10
126,Misty,Lawson,2015-02-28,,1963-09-10
127,Jessica,Brady,2016-09-17,2024-09-10,1970-07-31
128,Jamie,Warner,2018-10-30,,1987-11-10
129,Amanda,Hudson,2017-10-24,2023-08-30,1963-07-13
130,Michelle,Frye,2016-12-19,2024-03-12,1977-06-21
131,Joe,Richardson,2018-12-05,,1981-05-05
132,Robert,Knight,2020-03-07,,2002-09-28
133,Joseph,Page,2017-04-01,,1964-12-11
134,Jocelyn,Ramirez,2022-03-23,,1990-01-09
135,Carrie,Garcia,2015-08-20,,1997-11-27
136,Kevin,Campbell,2019-05-22,,1963-03-06
137,Karen,Choi,2019-04-06,,1964-12-04
138,Nicole,Welch,2016-09-19,2024-12-12,1984-05-03
139,Danielle,Burke,2018-04-10,2023-09-21,1965-07-13
140,Marie,Lyons,2020-09-01,,1989-10-04
141,Kenneth,Gray,2015-09-18,,1981-06-29
142,Juan,Morrison,2017-07-11,,1995-08-06
143,Kathleen,Wood,2017-01-23,,1989-10-07
144,Edward,Gibson,2022-01-13,2024-02-18,1974-04-06
145,Courtney,Villegas,2017-03-07,,1976-06-06
146,Timothy,Jones,2018-10-07,,2000-04-17
147,Christopher,Hayes,2022-05-19,,1986-06-10
148,James,Thomas,2019-12-03,,1977-07-29
149,Amy,Murillo,2015-04-14,,1985-02-21
150,Gabrielle,Price,2019-12-10,,2003-12-05
151,Joanne,Ross,2015-10-12,,1970-08-09
152,Scott,Stevenson,2017-10-03,2023-09-20,1991-09-23
153,Monique,Bernard,2021-09-30,,1970-06-24
154,Emily,Newman,2020-12-04,,1983-07-13
155,Thomas,Schultz,2018-03-24,2023-08-12,1993-02-23
156,Joseph,Brooks,2021-03-30,,1976-02-19
157,James,Bowen,2016-10-21,2024-07-01,1989-11-29
158,Sandra,Johnson,2016-08-10,,2004-08-22
159,Nicole,Foster,2021-02-19,,1976-10-20
160,Tony,Harris,2018-07-24,2023-12-11,1996-11-15
161,Kelly,Simon,2015-08-21,,1974-04-27
162,Michaela,Gray,2016-04-01,,1963-12-29
163,Joseph,Nelson,2022-09-05,2024-08-08,1974-09-21
164,Joseph,Berger,2015-09-24,,1962-10-07
165,Lauren,Campbell,2019-08-07,2023-08-15,1997-07-10
166,Scott,Brown,2020-10-22,,1961-12-22
167,Kendra,Castillo,2020-12-28,,1970-01-05
168,Cassandra,Flores,2015-03-13,,1993-06-22
169,Rebecca,Conner,2021-12-08,,2003-02-21
170,Emily,Medina,2016-11-26,,2003-05-19
171,Jason,Taylor,2018-08-10,,1995-10-17
172,Jamie,Hayes,2019-02-26,,1966-07-03
173,David,Jones,2015-06-07,2024-04-08,1994-06-02
174,Chelsea,Murray,2016-08-10,2024-12-09,1964-08-01
175,Susan,Fox,2016-03-01,,1997-11-14
176,Johnny,Doyle,2022-09-03,,1996-05-21
177,Tabitha,Little,2017-08-15,,1983-07-22
178,Charles,Thompson,2015-01-25,,1972-01-18
179,Kelsey,Sloan,2019-04-11,,1971-07-25
180,Katherine,Hicks,2015-01-15,,2003-06-29
181,Kelly,Grant,2021-04-23,,2002-05-19
182,Brenda,Morrison,2015-08-28,,1996-05-08
183,Travis,Garcia,2019-05-07,,2000-06-16
184,Chelsea,Anderson,2021-05-11,,1981-11-01
185,Kimberly,Garcia,2016-05-05,,1992-01-12
186,Teresa,Hebert,2017-07-08,,1970-05-03
187,Jason,Miller,2022-01-17,,1963-08-12
188,Andrew,Lee,2015-05-25,,1973-11-03
189,Alexis,Daniel,2021-04-27,,1984-08-03
190,Isaac,Hernandez,2021-02-12,2024-02-28,1964-06-23
191,Ryan,Guerrero,2015-10-30,,2000-10-31
192,Michael,Curry,2015-03-23,,1986-05-15
193,Calvin,Nguyen,2022-04-11,,1989-02-06
194,Mackenzie,Smith,2020-05-05,,1975-09-29
195,Regina,Perez,2021-05-29,2024-06-17,1984-07-17
196,Patrick,Collins,2022-03-26,2024-02-25,1984-04-10
197,Sabrina,Barnes,2019-05-01,,1964-01-01
198,Gene,Roberts,2018-03-02,,1986-05-11
199,Jamie,Cooper,2022-09-09,2024-06-01,1963-11-20
200,Stephanie,Wolfe,2021-11-28,,1994-08-30
201,Tina,Sanders,2019-05-04,,1967-12-29
202,Lisa,Mann,2020-01-16,,1984-12-13
203,Jesse,Miller,2017-08-31,2024-11-08,1960-02-14
204,Julie,Nichols,2022-08-29,2024-05-11,1966-11-19
205,Jeffrey,Vaughn,2020-07-02,,1990-09-15
206,Tiffany,Bond,2021-11-14,,1986-01-29
207,Jamie,Reyes,2017-10-21,,1968-09-19
208,Amy,Todd,2018-11-14,,1967-12-22
209,Michelle,Mcguire,2022-02-20,,1968-02-10
210,Cameron,Sanchez,2020-02-07,,1969-10-25
211,Kevin,Ramirez,2020-05-16,,1987-07-05
212,Brian,Esparza,2016-09-19,,1988-04-25
213,Chad,Walters,2020-02-04,,1995-01-29
214,Linda,Baker,2021-01-06,,1970-04-16
215,Daniel,Newman,2019-01-15,,1986-07-23
216,Wendy,Washington,2017-07-05,,1962-02-21
217,Lori,King,2016-08-14,,2000-12-29
218,Mark,Morales,2018-03-20,,1986-03-18
219,Michael,Marshall,2022-02-22,,1997-12-22
220,Melanie,Roberts,2016-12-15,,1986-07-03
221,Shane,Patel,2019-05-11,,1987-06-24
222,Robert,Rodriguez,2017-11-19,,1975-10-11
223,Heather,Chapman,2016-10-18,,1979-05-20
224,Isaac,Schneider,2019-02-16,2024-08-02,1966-07-12
225,Christopher,Graham,2015-03-27,,1966-04-03
226,Christopher,Stewart,2019-11-04,,1971-10-04
227,Vincent,Miles,2018-05-13,,1995-06-07
228,Javier,Thomas,2016-08-12,,1960-04-08
229,Nancy,Wilson,2015-06-24,,1973-12-26
230,Brandon,Meyer,2020-02-27,2023-11-28,1976-12-27
231,Tracey,Brown,2019-08-08,2023-03-13,1966-02-21
232,Gregory,Collins,2022-12-20,,2003-10-14
233,Kevin,Stewart,2021-01-26,,1993-11-21
234,Wayne,Strickland,2017-07-18,,1962-05-15
235,Brian,Reyes,2019-07-06,,2003-01-07
236,Sheri,Brown,2016-05-27,2023-08-23,1971-12-02
237,Steven,Pope,2022-01-10,,1995-11-10
238,Donna,Ayers,2018-12-16,,1978-09-22
239,Matthew,Williams,2017-05-02,,1997-02-16
240,Cory,Brown,2019-07-21,,1960-09-06
241,Ebony,Fisher,2019-09-21,,1996-09-30
242,Parker,Carpenter,2019-09-08,,1991-03-17
243,Sergio,Cole,2020-03-01,,1976-07-11
244,Savannah,Martin,2020-01-27,,1977-06-06
245,Joseph,Mckinney,2019-12-24,,1993-04-13
246,William,Smith,2019-05-11,2024-09-20,1970-05-27
247,Scott,Moreno,2020-03-13,2023-09-23,1965-05-03
248,Tiffany,Griffin,2019-01-29,,2003-04-21
249,John,Hood,2018-10-15,2023-05-30,1977-01-29
250,Michael,Martinez,2018-08-28,,1987-10-08
251,Emily,Johnson,2022-06-18,,1992-11-19
252,Matthew,David,2019-06-22,,1975-04-20
253,David,Rodriguez,2016-06-29,2024-08-30,1974-11-17
254,Kimberly,Landry,2020-12-10,,1982-02-20
255,Teresa,Barron,2017-04-23,,1987-02-04
256,Robert,Landry,2017-10-04,,1975-06-30
257,Kimberly,Johnson,2017-06-07,,1963-05-21
258,Stanley,Bates,2022-12-28,,1996-09-25
259,John,Brown,2017-02-21,2024-02-13,1968-06-06
260,Jason,Sanchez,2021-05-17,,1972-04-01
261,Kelly,White,2017-03-08,,2000-06-27
262,Taylor,Smith,2022-05-24,,1963-03-06
263,Jacob,Gordon,2021-12-09,,1966-10-02
264,Sonia,Lloyd,2019-01-28,,1960-02-02
265,James,Gonzalez,2020-03-12,,1965-03-29
266,Kimberly,Todd,2021-02-23,,1996-07-31
267,Shirley,Munoz,2019-07-31,,1971-11-19
268,Richard,Gray,2019-03-16,2024-02-02,1973-10-21
269,Anthony,Ortiz,2022-03-22,,1961-05-20
270,Brianna,Ward,2018-06-11,,2001-06-12
271,Tamara,Garcia,2017-05-24,,1985-07-07
272,John,Dalton,2019-05-29,2023-06-21,1968-11-15
273,Travis,Tucker,2016-08-01,,1988-05-31
274,David,Dominguez,2020-04-10,,1963-03-29
275,Jeremy,Mcdaniel,2016-03-21,,1981-04-15
276,Janet,Murray,2021-02-01,,1985-07-11
277,Heidi,Wells,2022-04-25,,1963-03-25
278,Ronald,Ho,2020-01-27,2024-02-18,1970-06-27
279,Donna,Hartman,2018-05-15,,1980-07-26
280,Edward,Hunter,2021-12-29,,1973-01-03
281,Paula,Stewart,2019-08-16,2024-12-04,1989-03-11
282,Donna,Davis,2015-07-28,,1960-09-29
283,Matthew,Miller,2017-03-27,,1984-12-26
284,Kathleen,Burnett,2017-06-08,,1979-08-16
285,Julie,Herrera,2018-10-15,,1981-04-20
286,Caleb,Robinson,2021-03-09,,1985-06-06
287,Tara,Norman,2016-10-03,,1963-08-17
288,Edwin,Reynolds,2022-05-25,,1960-12-25
289,Teresa,Walker,2019-04-24,,1987-01-27
290,Erin,Mccall,2020-10-20,,1990-02-24
291,Robert,Huffman,2019-11-04,,1963-07-23
292,Ashley,Taylor,2017-01-08,,1973-11-21
293,Michael,Jimenez,2019-12-20,,1987-08-10
294,Donald,Alexander,2015-04-08,,1966-04-15
295,Daniel,Mcclure,2022-10-13,,1990-01-13
296,Paige,Cruz,2017-04-25,2023-06-21,1964-05-23
297,Adam,Juarez,2019-04-30,,1973-03-27
298,John,Campbell,2021-05-13,,2001-03-06
299,Michael,Martinez,2022-06-25,,1971-05-29
300,Charles,Sims,2016-12-06,,1996-06-03
301,Misty,Bishop,2018-01-24,,1968-12-03
302,James,Barrett,2022-08-19,,2003-02-22
303,Steven,Anderson,2021-04-26,,1990-07-11
304,James,Bray,2016-09-30,,1980-01-21
305,Jared,Moore,2022-03-11,,2000-12-02
306,Emily,Thomas,2019-07-05,,2000-02-19
307,Danielle,Shaw,2021-06-13,2023-04-14,1979-10-23
308,Nathan,Fernandez,2017-03-21,,1995-04-28
309,Alison,Peters,2016-09-09,,2003-04-05
310,Michelle,Joseph,2019-08-12,,1993-02-11
311,William,Allen,2018-07-20,2023-04-11,1997-07-17
312,Christopher,Jones,2020-04-03,,1991-02-01
313,Lauren,Palmer,2017-10-03,2023-04-16,1963-03-13
314,Shannon,Berry,2016-06-18,,1999-10-19
315,Alisha,Parker,2020-06-16,,2005-03-13
316,Kristi,Kirk,2018-07-19,,2002-10-31
317,Mary,Sanchez,2021-11-05,2024-02-06,1999-05-12
318,Robert,Stewart,2021-11-13,2023-10-27,1972-09-25
319,John,Evans,2020-12-13,,1965-03-02
320,Michael,Fisher,2022-01-16,,1969-05-22
321,Mary,Rios,2015-05-25,,1990-09-19
322,Robin,Kirk,2022-08-01,,1969-08-30
323,Jeffrey,Lawson,2016-02-02,,1993-05-10
324,Brandon,Kelly,2015-09-25,,1996-03-19
325,Amanda,Mccormick,2015-12-18,,1963-06-09
326,Michael,Nichols,2015-03-29,,2004-06-13
327,Paula,Craig,2015-02-05,,1970-11-23
328,Austin,Johnston,2015-08-05,2023-09-19,2005-04-08
329,Brittany,Turner,2018-09-19,,1994-03-12
330,Lori,Fernandez,2016-01-04,,1961-08-29
331,Zachary,Garrison,2018-07-07,,2002-04-18
332,Elizabeth,Collier,2019-01-01,,1975-08-13
333,Colleen,Carpenter,2017-04-11,2024-11-23,2001-09-02
334,Rachel,Jennings,2016-09-08,2024-11-12,1995-12-06
335,Jennifer,Carson,2017-05-22,,1977-08-20
336,Brandy,Keller,2018-06-13,,1967-03-04
337,Kevin,Miller,2015-09-28,,1999-03-10
338,Victor,Long,2019-01-26,,1977-09-14
339,David,Hill,2021-12-27,,1986-04-02
340,Amber,Sutton,2018-07-16,,1990-11-06
341,David,Sutton,2021-07-17,,1982-12-12
342,Mario,Porter,2020-01-04,,1962-09-25
343,Savannah,Ortiz,2020-04-29,2023-06-30,2003-11-10
344,Kaitlyn,Haley,2018-10-18,,1975-09-24
345,Elizabeth,Mitchell,2022-11-21,,1970-10-07
346,Carla,Norton,2016-12-18,,1996-05-06
347,Christopher,Gay,2018-04-01,,2005-01-10
348,Melissa,Whitaker,2018-05-27,,1988-05-18
349,Robert,Rodriguez,2016-02-20,2024-01-16,1995-06-15
350,Jonathan,Mack,2021-04-20,,1974-10-19
351,Kimberly,Monroe,2016-10-16,,2005-04-18
352,Dominique,Romero,2016-09-14,,1970-01-09
353,Laurie,Simon,2016-10-30,,1979-02-15
354,Wendy,Pennington,2019-08-28,2024-07-08,1983-05-03
355,Kenneth,Richardson,2016-04-30,,1982-04-05
356,Lisa,Mayer,2020-12-20,,1973-11-26
357,Jeffrey,Nicholson,2021-12-07,2024-09-26,1999-05-20
358,Sierra,Huerta,2019-08-06,,1978-08-23
359,Shawn,Vaughan,2016-10-10,2024-10-12,2003-04-13
360,Charles,Rivera,2021-04-19,,1989-05-24
361,Ashley,Oliver,2021-03-12,,1959-07-18
362,Kimberly,Morris,2022-01-19,,1964-08-28
363,Louis,Bowen,2020-04-07,,1969-11-10
364,Charles,Hernandez,2022-11-06,,1965-08-25
365,Gregory,Foster,2018-02-25,2024-07-30,1990-07-01
366,William,Myers,2022-09-27,,1995-06-02
367,Gilbert,Fowler,2017-10-18,,1970-03-02
368,Jeremy,Mitchell,2016-04-09,,1970-07-22
369,Jimmy,Stout,2022-06-12,,2002-01-12
370,Robert,Barr,2016-08-23,,1978-04-09
371,Kristen,Montes,2019-12-28,,1994-05-06
372,Steven,Jackson,2016-02-02,,1964-08-22
373,Trevor,Mullins,2015-06-11,,1984-12-09
374,Nancy,Moran,2016-07-09,2023-10-04,1979-01-02
375,Cindy,Dunn,2019-04-10,,1977-07-26
376,Karen,Smith,2020-04-20,,1998-11-13
377,Jennifer,Ramirez,2019-04-03,,2003-10-04
378,John,Ellis,2020-05-07,2024-07-15,1964-12-14
379,Claudia,Romero,2016-11-29,,1969-09-19
380,Gary,Nelson,2015-03-23,,1976-04-25
381,Ryan,Aguilar,2021-07-28,,1972-11-30
382,Hunter,Blevins,2022-09-19,,1981-12-20
383,Luke,Mendez,2019-01-24,,1979-03-18
384,Zachary,Barry,2019-12-12,,1981-03-12
385,Tanner,Villarreal,2021-07-23,,1968-01-02
386,Ryan,Christian,2021-05-31,2023-11-30,1985-09-23
387,Michael,Knight,2017-01-14,,1995-09-15
388,Jason,Molina,2020-01-07,,2003-08-08
389,Vincent,Richardson,2015-03-23,,1973-11-08
390,Heidi,Schneider,2020-07-07,,1998-07-06
391,Jordan,Thomas,2022-07-14,,1983-04-29
392,Megan,Lopez,2021-05-10,,1971-03-18
393,Stephen,Garcia,2018-11-09,,1993-10-14
394,William,Underwood,2018-10-23,,1980-02-15
395,Richard,Lewis,2015-12-15,,1986-01-04
396,Phillip,Thomas,2019-02-24,,1974-12-17
397,Heather,Little,2015-10-10,,2000-07-06
398,Alexa,Espinoza,2016-12-26,,1984-07-05
399,Kevin,Clark,2016-07-06,,1981-10-20
400,Ashley,Henry,2021-12-31,,1975-09-07
401,Sean,Olson,2018-05-14,2024-06-23,1960-06-24
402,Jamie,Fox,2022-08-06,,1988-03-01
403,Ashley,Rose,2019-06-01,,2004-01-22
404,Eddie,Kennedy,2016-09-04,,1985-05-07
405,Thomas,Boone,2016-03-30,2024-05-16,1980-11-08
406,Henry,Guerra,2022-07-02,,2004-10-11
407,Bradley,Sparks,2017-03-18,,2000-04-02
408,Courtney,Perez,2022-02-10,,1983-08-13
409,Daniel,Moore,2018-08-06,,1969-07-06
410,Robert,Williams,2018-04-12,2024-08-17,1989-05-17
411,Michael,Stevenson,2022-12-23,2023-02-04,1986-10-27
412,Donald,Johnson,2015-12-07,,1985-04-09
413,Anthony,Miller,2018-12-23,2023-10-19,1984-02-19
414,Ernest,Baldwin,2021-10-05,2024-05-11,1979-03-11
415,Carl,Dawson,2020-07-19,2024-08-17,1961-04-19
416,Courtney,Williams,2015-03-07,,1984-01-16
417,Tracy,Ramirez,2021-12-22,,1990-05-15
418,Timothy,Carter,2021-08-14,,1989-05-22
419,John,Miranda,2019-09-08,,1996-09-07
420,Matthew,Rodriguez,2016-11-23,,1963-08-14
421,Matthew,Hill,2019-02-04,,1992-08-28
422,Cory,Moore,2017-11-01,2024-10-02,1959-06-16
423,Crystal,Wilcox,2017-02-25,,1985-02-02
424,Robert,Jones,2020-10-03,,1986-03-22
425,Amanda,Collins,2018-02-21,,1999-01-12
426,Kristin,Crawford,2020-11-01,,1963-12-24
427,Richard,Coleman,2015-04-07,,1972-11-30
428,Wendy,Giles,2020-06-28,,1961-09-19
429,Gloria,Johnson,2018-07-28,2023-03-15,1973-12-13
430,Laura,Fox,2016-11-14,2023-11-12,1968-10-18
431,Christine,Cline,2015-08-02,,1974-01-25
432,Andrea,Sanchez,2022-04-13,,1990-07-25
433,George,Manning,2017-09-05,,1975-01-17
434,Kathleen,Clarke,2022-11-09,,1979-12-09
435,Billy,Washington,2018-06-09,,1981-08-21
436,Vanessa,Taylor,2017-12-13,,1959-07-11
437,Jeremy,Hernandez,2020-01-13,,1978-03-08
438,Austin,Hernandez,2019-11-09,,2000-07-20
439,Allison,Montgomery,2018-10-14,,1986-02-06
440,Michael,Hartman,2015-06-15,,1991-12-27
441,Amber,Perry,2018-01-22,2023-11-11,2000-04-30
442,Justin,Riley,2022-05-13,,2004-04-17
443,Christopher,Green,2020-02-20,,1996-06-04
444,Marc,Goodwin,2022-05-24,,1971-10-30
445,David,Foley,2015-11-25,,1975-02-21
446,Cameron,Allen,2018-09-25,,1965-03-24
447,Thomas,Scott,2021-03-08,2024-01-29,2000-08-14
448,James,Schneider,2015-05-09,2023-07-06,1999-11-24
449,Henry,Maldonado,2016-06-19,,1984-08-21
450,Jeffrey,Lowe,2021-12-31,,1977-10-24
451,Kelsey,Soto,2015-02-13,,1978-08-22
452,Robin,Gregory,2021-06-07,,1959-05-28
453,Melissa,Rodriguez,2015-03-20,2024-02-28,1995-04-26
454,Katelyn,Roberts,2018-05-24,,1988-07-29
455,Thomas,Mccoy,2019-04-09,,1980-04-19
456,Mary,Parker,2017-03-28,2023-05-05,1975-10-19
457,Ethan,Sanchez,2020-04-09,,1962-01-20
458,Steven,Williams,2019-04-06,,1982-05-03
459,Jeffrey,Holland,2019-05-10,2024-06-12,2001-12-27
460,Jennifer,Williams,2015-05-28,,1995-01-14
461,Eric,Bridges,2022-10-18,,1991-04-17
462,Timothy,Thomas,2022-07-15,,1974-03-07
463,Justin,Burns,2018-01-12,,1995-06-22
464,Timothy,Lozano,2022-10-25,,1996-06-11
465,Michelle,Crawford,2019-03-17,2023-09-14,1999-07-23
466,Kelly,James,2018-10-06,,2000-07-22
467,Samantha,Hall,2019-02-11,,1985-10-20
468,Mark,Norris,2020-09-30,,1984-08-09
469,Alex,Golden,2019-10-05,,1975-10-21
470,Joseph,Cox,2019-07-26,2024-03-02,1961-03-06
471,Karen,Williams,2022-12-07,,2003-10-03
472,Tara,Lin,2018-11-02,,1973-12-18
473,Kara,Campbell,2016-06-26,2024-03-25,1974-06-06
474,Michelle,Wu,2018-11-19,,2003-12-12
475,Ashley,Baker,2017-12-07,,1995-10-30
476,Nicole,Watson,2021-03-12,,1974-11-08
477,Toni,Smith,2017-03-01,,1997-03-12
478,Sherri,Smith,2020-06-25,,1994-06-09
479,Alyssa,Harrell,2018-02-27,,1991-02-04
480,Deborah,Mcdowell,2017-12-28,,1985-10-10
481,Brent,Leblanc,2015-12-08,,1961-03-05
482,Virginia,Green,2020-01-17,2024-06-18,2000-11-13
483,David,Wilson,2022-07-14,,1971-10-05
484,Diane,Kennedy,2015-12-14,2024-01-17,2000-11-06
485,Leon,Sparks,2022-06-21,,1984-01-23
486,Alexander,Blankenship,2018-07-29,,1979-02-08
487,Suzanne,Hall,2020-09-15,,1996-03-17
488,John,Wang,2016-04-09,2024-10-14,1970-12-31
489,Julia,Vega,2015-04-05,,1985-10-18
490,Kathy,Gill,2016-06-10,,1998-04-23
491,Jeffery,Garcia,2016-03-14,,1978-03-10
492,Christine,Torres,2017-09-22,2024-12-31,1991-04-06
493,Tammy,Haley,2015-11-01,,1972-10-18
494,Bryan,Savage,2016-12-26,,1962-12-03
495,Michael,Jones,2019-03-10,,1975-10-21
496,Deborah,Marks,2015-09-24,,1989-07-15
497,Lori,Gutierrez,2016-09-22,,1999-12-28
498,Amber,Roberts,2021-05-31,,1974-03-14
499,Latasha,Carney,2017-08-28,,2004-11-08
500,Timothy,Miles,2015-12-24,,1993-09-04
501,Austin,Moreno,2015-11-05,,2002-09-18
502,Barbara,Johnson,2015-02-09,,1984-02-16
503,Deanna,Meyer,2015-02-25,,1961-05-02
504,Jeremy,Kennedy,2018-10-29,2023-10-08,1979-11-25
505,Annette,Washington,2021-12-04,,2004-11-25
506,Aaron,Jarvis,2015-10-16,,1961-05-24
507,Kevin,Marshall,2016-10-01,,1993-08-12
508,Mark,Ritter,2021-07-14,,2003-02-06
509,Amy,Rodriguez,2022-01-08,,1975-07-04
510,Candace,Warren,2020-03-02,,1995-07-13
511,Carmen,Tucker,2022-01-28,,2000-02-14
512,Robert,Williams,2018-09-17,,1976-03-10
513,Jamie,Stanley,2022-06-16,,1980-09-28
514,Cody,Duran,2016-03-09,,1973-01-27
515,Monica,Lewis,2021-11-14,,1978-02-05
516,Anthony,Wilcox,2016-05-14,,2001-10-07
517,Jessica,Gonzalez,2015-08-19,,1969-08-28
518,Tamara,Nguyen,2022-11-24,2023-10-25,1968-09-16
519,Heather,Wilkinson,2016-07-22,,1975-06-10
520,Christopher,Jones,2017-03-28,,1985-06-02
521,Steven,Lewis,2015-11-29,2024-11-22,1967-02-08
522,James,Bishop,2017-01-30,,1967-03-18
523,Christian,Mathews,2016-01-11,,1981-03-31
524,Darren,Maynard,2016-01-11,,1994-06-15
525,Amy,Acevedo,2015-01-16,,1964-11-19
526,Andrew,Smith,2019-11-09,,1986-04-20
527,Allen,Johnson,2022-09-09,,1979-09-23
528,John,Harvey,2017-08-12,,1999-02-02
529,Anthony,Fowler,2017-05-11,,1997-06-08
530,Mark,Horton,2015-07-24,,1986-04-29
531,Paula,Jenkins,2015-11-22,,1999-05-15
532,Hannah,Lewis,2019-05-04,,2003-06-26
533,Barbara,Thomas,2018-08-05,,1967-04-27
534,Nicole,Phillips,2022-01-05,,1968-08-08
535,Jessica,Li,2020-12-08,,1978-10-02
536,Michael,Davis,2017-02-28,,1999-07-19
537,Michael,Moon,2020-05-03,,1991-07-08
538,Matthew,Spencer,2017-03-19,,1993-04-27
539,Susan,Mendez,2022-12-10,2023-08-10,1988-05-04
540,Michelle,Gates,2020-07-21,,1973-02-19
541,Todd,Cole,2021-10-15,,2002-06-21
542,Julia,Vasquez,2022-12-02,,1996-01-26
543,Daniel,Pena,2017-02-01,,1988-09-07
544,Brad,Sullivan,2020-04-05,,1965-06-07
545,Mark,Allen,2018-03-25,,1959-06-15
546,Elizabeth,Galloway,2022-08-01,,1960-05-06
547,Kelly,Hoover,2021-08-21,,2004-01-29
548,Craig,Smith,2015-09-08,2023-07-31,1990-04-08
549,Nichole,Santiago,2019-12-18,,1984-04-22
550,Courtney,Walker,2017-01-27,,1974-01-28
551,Carrie,Martinez,2020-09-10,,1969-10-17
552,Brenda,Bowers,2015-01-26,,1983-05-28
553,Alicia,Cox,2015-11-22,,1989-08-28
554,Angela,Sutton,2016-12-21,2024-10-10,1959-07-17
555,Erica,Fields,2017-03-20,,2004-01-30
556,Joseph,Mueller,2017-12-14,,1960-01-05
557,Emma,Gonzales,2016-08-12,,1966-10-13
558,Allison,Lambert,2021-01-29,2023-08-03,1999-07-01
559,Patricia,Li,2021-06-14,,1978-08-20
560,Vincent,Conway,2017-02-14,,1976-12-23
561,Erin,Smith,2022-11-07,,1990-04-16
562,David,Hays,2016-05-22,,2002-03-01
563,Alyssa,Manning,2022-11-18,,1972-02-08
564,Melissa,Vasquez,2015-11-07,,1961-07-09
565,Alicia,Jackson,2017-02-09,,1986-06-21
566,Joseph,Walker,2017-02-05,,1967-06-29
567,Jacob,Myers,2018-08-09,,1989-04-26
568,Katelyn,Nguyen,2017-07-21,,1978-04-29
569,Edgar,Bell,2016-10-27,,1973-05-16
570,Jennifer,Sloan,2019-06-05,2024-06-27,1983-06-20
571,Michael,Anderson,2022-02-15,,1994-01-23
572,Alison,Brooks,2021-08-23,,1993-12-12
573,Alexander,Greene,2018-04-30,,1998-07-19
574,Lisa,Smith,2021-09-29,,1994-12-02
575,Meredith,Miller,2019-08-16,,1966-05-14
576,Shannon,Lucas,2020-09-06,,1995-09-06
577,Susan,Douglas,2022-03-08,2024-02-12,1991-04-01
578,Rodney,Johnson,2018-03-15,,1992-04-02
579,John,Cortez,2017-06-12,,2000-02-29
580,Kathy,Wagner,2019-10-14,,1976-02-24
581,Heather,Valencia,2017-10-24,,1975-01-09
582,Beverly,Lawson,2018-11-13,,2001-11-11
583,Cesar,Peterson,2017-09-13,,1986-09-28
584,Gerald,Kim,2020-12-13,,1974-02-03
585,Hayley,Buckley,2015-01-29,,1990-03-03
586,Maria,Brewer,2022-05-06,,2002-07-08
587,David,Smith,2022-08-31,,1971-06-28
588,Jessica,Clarke,2017-10-27,,1999-01-02
589,Amanda,Chen,2018-02-26,,2002-05-31
590,Victoria,Mccarthy,2016-10-22,,1990-02-07
591,Thomas,Mcbride,2015-09-22,,1971-06-04
592,Seth,Harrington,2015-09-10,,1994-12-04
593,Pamela,Murphy,2015-09-15,,1987-10-01
594,Michael,Carter,2020-07-16,,1966-03-23
595,Antonio,Martinez,2018-11-10,,1976-08-16
596,Kyle,Nelson,2015-09-05,2024-07-17,1967-06-28
597,Russell,Dixon,2021-12-13,,1995-03-11
598,Anthony,Gonzalez,2019-10-28,,2003-11-28
599,Jaime,Valenzuela,2015-11-24,,1985-08-07
600,Nicholas,Davis,2022-07-23,,1994-08-29
601,Kara,Dorsey,2020-01-01,,1992-03-30
602,Theresa,Moore,2015-02-19,,1981-11-01
603,Joe,Mccall,2022-07-25,,1969-11-06
604,Cynthia,Lopez,2015-12-28,,1990-10-06
605,Jessica,Miller,2018-07-28,,1996-04-23
606,Shannon,Rodriguez,2021-08-06,2023-08-31,1992-08-13
607,Anthony,Wright,2019-01-20,,1964-02-10
608,Susan,Phelps,2022-10-30,2023-12-03,1992-06-05
609,Michael,Mcpherson,2022-08-21,,2003-06-21
610,James,Kent,2021-10-16,2024-02-27,1965-06-16
611,Sarah,Russo,2022-08-09,,1961-08-27
612,April,Herrera,2015-09-27,,1978-07-23
613,Shannon,Dodson,2021-05-20,,2001-01-31
614,Lucas,Whitaker,2017-12-10,,1987-05-11
615,Deborah,Wilson,2018-07-30,,1973-11-04
616,Joshua,Anderson,2020-01-21,,1996-08-03
617,Timothy,Gates,2019-01-06,,1966-10-19
618,Evelyn,Cox,2020-05-21,,2004-09-26
619,Shane,Harris,2019-02-26,2023-06-24,1989-12-27
620,Daniel,Downs,2020-08-08,,2002-12-27
621,Stephanie,Poole,2018-05-14,,1965-09-30
622,David,Taylor,2020-06-26,,1967-03-21
623,Nicole,Miller,2018-07-07,,1996-03-24
624,Ronald,Lambert,2021-02-14,,1970-06-26
625,Brian,Thomas,2017-02-18,,1969-01-14
626,James,Edwards,2017-07-23,,1971-11-13
627,Jessica,Hall,2021-08-02,,1971-05-05
628,Max,Rogers,2016-11-29,,1993-05-08
629,Robert,Washington,2015-06-24,2024-05-20,1974-06-12
630,Jessica,Perkins,2022-09-30,,1986-11-02
631,Michael,Weaver,2018-12-16,2023-10-10,1959-10-31
632,Justin,Collins,2019-08-06,2024-11-17,1968-09-06
633,Timothy,Vance,2020-03-19,2023-11-30,1982-03-30
634,Elizabeth,Rojas,2020-03-05,,1993-03-21
635,Sarah,Alvarez,2018-08-21,,1987-05-26
636,Lance,Burke,2019-07-10,2024-12-01,1995-02-09
637,Keith,Barr,2020-03-14,2023-04-21,1976-08-10
638,Jonathan,Brown,2020-03-17,,1964-10-11
639,Anna,Winters,2020-01-27,,1970-06-22
640,Jonathan,Smith,2016-09-17,,1959-10-09
641,Megan,Rivera,2016-08-04,,1993-11-25
642,Michelle,Logan,2019-04-29,2024-06-05,1961-10-20
643,Stephen,Sweeney,2019-09-15,,1973-04-28
644,Michael,Smith,2015-04-11,,1992-06-12
645,Elaine,Park,2016-07-25,,1982-09-17
646,Melissa,Jimenez,2018-07-21,,1990-05-25
647,Brian,Lopez,2019-04-12,,1979-03-28
648,Roy,Dixon,2022-02-02,,2001-07-25
649,John,Taylor,2016-09-03,,2004-01-23
650,Crystal,Olson,2019-06-25,,2001-07-16
651,Cory,Green,2019-02-06,,1971-02-02
652,Michelle,Andrews,2015-02-27,,1981-08-12
653,Matthew,Jenkins,2019-11-15,,1962-12-29
654,Scott,Robinson,2022-06-03,,1969-02-22
655,Jeff,Phelps,2016-12-08,,1960-03-07
656,Shannon,Wilson,2016-09-10,,1974-06-12
657,Brianna,Walter,2021-08-25,,1962-06-12
658,Shannon,Yang,2017-01-23,,1977-07-25
659,Ashley,Figueroa,2017-06-07,,1993-05-30
660,Stephen,Wagner,2016-01-24,,1963-04-24
661,Andrea,Gomez,2015-03-09,2024-09-22,1997-11-24
662,Lisa,White,2019-05-22,,1968-12-28
663,Eric,Ramirez,2020-04-18,,1995-07-27
664,Kyle,Wade,2016-09-05,,1987-06-17
665,Robert,Clark,2018-01-14,,1972-04-05
666,Barry,Lopez,2018-10-13,,1986-04-15
667,Alan,Mosley,2017-03-21,,1989-01-03
668,Todd,Fleming,2015-03-30,,1995-08-31
669,Jonathon,Kim,2020-07-30,,1996-06-07
670,John,Arnold,2019-05-26,,2002-07-17
671,Katelyn,Baldwin,2016-10-10,2024-02-22,1995-11-04
672,Heather,Downs,2018-05-28,,1996-06-23
673,John,Ramos,2021-02-28,,1966-12-05
674,William,Thomas,2018-02-11,,2001-03-09
675,Jennifer,Moore,2017-07-21,,1972-02-22
676,Benjamin,Bradley,2017-02-17,,1985-05-17
677,Shannon,Peterson,2020-06-15,,1963-11-15
678,Tina,Martinez,2021-10-21,,2004-04-11
679,John,Hernandez,2020-08-06,,1981-01-30
680,Emily,Flowers,2019-11-08,,1962-11-02
681,Stephanie,Turner,2019-11-18,,1975-05-15
682,Gerald,Ramsey,2016-10-16,,1972-09-02
683,Megan,Doyle,2020-06-19,,1985-04-01
684,Daniel,Martinez,2022-06-20,,1985-10-02
685,Angelica,Reeves,2015-09-02,,1985-03-18
686,Kathryn,Christensen,2018-12-18,,1984-01-09
687,Tina,Decker,2016-03-10,,1986-12-07
688,Jenna,Davis,2015-10-02,2024-04-13,1977-08-11
689,Louis,Roth,2018-08-17,,1969-04-25
690,Nicholas,Proctor,2022-12-01,,1961-02-14
691,James,Jenkins,2020-05-06,2023-02-01,1992-06-07
692,Patricia,Brown,2021-10-25,2023-07-18,1969-04-25
693,Amanda,Foley,2018-03-31,2023-10-30,1993-08-07
694,Monica,Rubio,2016-08-02,,1961-05-08
695,Ivan,Floyd,2017-08-21,,1978-12-01
696,Crystal,Walters,2020-10-25,,1964-03-08
697,Timothy,Moore,2020-07-17,2023-07-20,1982-03-15
698,Christopher,Best,2017-06-05,2024-06-20,1990-12-07
699,Gary,Bowen,2019-09-02,,1977-11-21
700,Alexis,Anderson,2020-07-02,,1996-07-22
701,Ethan,Webb,2015-02-23,2024-01-17,1977-10-30
702,Nicole,Bell,2018-06-15,,1987-06-20
703,Casey,Good,2022-01-30,2024-05-26,1966-11-13
704,Christopher,Carr,2016-10-11,2023-10-23,1961-04-11
705,Charles,Williams,2018-10-18,,1979-02-13
706,Andre,Griffith,2022-01-26,,1963-06-28
707,Amy,Mejia,2018-06-26,2024-01-05,1995-03-09
708,Sarah,Salazar,2022-09-02,,1985-01-30
709,Melissa,Pope,2021-12-08,,1979-07-29
710,Andrew,Cox,2019-10-24,,1966-12-26
711,Ashley,Floyd,2021-11-10,,1978-05-06
712,Laurie,Young,2016-05-14,,1960-07-02
713,Andrew,Howard,2021-09-19,,1985-10-27
714,Devin,Smith,2016-06-14,,1966-10-17
715,Cameron,Weber,2020-12-09,,1993-06-20
716,Jennifer,Marshall,2018-02-28,2023-09-20,1962-07-12
717,Rachel,Conley,2018-10-29,2024-04-20,1995-10-05
718,Jessica,Mcgrath,2019-03-10,,1972-08-15
719,Michael,Chavez,2022-09-21,,1972-07-18
720,John,Brown,2016-06-08,,1975-12-14
721,Kathleen,Brown,2019-02-22,,1984-07-11
722,Jessica,Davis,2021-05-04,,1963-05-10
723,Jeremy,Turner,2020-04-23,,1980-03-08
724,Brian,Cox,2015-09-16,2023-12-05,1991-02-01
725,Adam,Taylor,2015-03-14,2023-10-22,1998-10-03
726,Terri,Weber,2020-01-06,,1965-12-10
727,Catherine,Gutierrez,2019-02-24,,1964-11-28
728,Linda,Jones,2019-09-05,,1971-10-19
729,Andrew,Berg,2017-10-05,,2001-04-01
730,Brian,Spears,2017-05-07,2023-10-13,2002-08-29
731,Robert,Robinson,2018-08-29,,2002-11-30
732,Jocelyn,Soto,2022-09-20,,1980-04-11
733,Susan,Pugh,2017-08-14,,1998-01-04
734,Alex,Haynes,2018-07-04,,1971-06-23
735,Daniel,Foster,2022-02-09,,1999-08-11
736,Becky,Jackson,2020-05-04,,1978-02-17
737,Dennis,Dennis,2018-02-23,,2005-03-30
738,Jeremy,Rollins,2021-03-23,,1973-12-06
739,Julie,Ewing,2018-10-27,,1986-10-31
740,Rebecca,Moore,2021-06-22,,1968-09-11
741,Ashley,Ortiz,2018-09-18,,1971-08-14
742,Jasmine,Washington,2022-10-31,2023-04-09,1986-03-12
743,Donna,Bailey,2017-03-07,,1999-11-19
744,Bryan,Lane,2016-06-04,2023-03-31,1984-08-17
745,Mark,Miller,2018-08-11,,1996-12-28
746,Michael,Gaines,2022-02-04,2023-07-08,1993-10-20
747,Matthew,Mays,2021-06-02,,1978-05-07
748,William,Walters,2017-07-26,2024-01-08,2002-10-09
749,Charles,Miller,2022-12-10,2023-06-02,1981-06-15
750,Susan,Burgess,2021-08-25,,1991-12-20
751,Leslie,Jones,2021-11-01,,1990-10-04
752,Robert,Nelson,2017-08-28,2024-03-12,1970-10-13
753,David,Rubio,2017-10-17,,1978-11-15
754,Louis,Fisher,2020-06-24,,1960-11-13
755,Emily,Ramirez,2021-04-26,2023-11-21,1980-11-02
756,Annette,Davis,2020-04-08,,2000-01-05
757,Gina,Martinez,2015-03-21,2024-01-11,1994-09-15
758,Benjamin,Hunt,2018-07-07,,2001-06-29
759,Tina,Ellis,2020-09-23,,1983-12-14
760,Alexandra,Owens,2016-01-27,,1969-10-27
761,Alexander,Chang,2019-04-23,,1962-01-21
762,Sheryl,Cervantes,2016-08-30,,1982-09-08
763,Heather,Garcia,2021-12-29,,2001-01-28
764,Robert,Jackson,2018-08-10,,1994-06-27
765,Morgan,Sanchez,2015-11-30,,1984-04-04
766,Laura,Tate,2020-12-07,,1966-08-10
767,Karen,Reilly,2020-07-03,,1984-07-20
768,Nicole,Powers,2020-03-10,2024-11-25,1970-05-28
769,Brian,Lopez,2021-10-04,,1965-07-29
770,Jordan,Villanueva,2017-12-25,,1967-01-10
771,Thomas,Barry,2015-10-02,,1978-12-20
772,Debra,Pace,2020-01-16,,1995-01-11
773,Douglas,Smith,2019-05-15,,1997-01-04
774,Christopher,Evans,2017-03-02,2024-12-27,1968-06-11
775,Cynthia,Lee,2018-02-05,,1986-10-09
776,Kelly,Singh,2022-12-25,2024-02-01,1993-10-18
777,Brooke,Cooper,2016-08-09,,1999-04-16
778,Jennifer,Moreno,2019-01-30,,1976-12-14
779,Sarah,Mitchell,2015-08-30,,1994-11-14
780,Randy,Waters,2020-04-24,,2003-04-15
781,James,Miles,2017-10-07,,1975-06-15
782,Elizabeth,Harris,2017-07-03,2023-04-26,1967-07-30
783,Mark,Cox,2022-02-06,2024-10-22,1994-06-09
784,Matthew,Smith,2015-01-13,,1989-12-11
785,Matthew,Sanders,2018-09-02,2023-07-25,1993-10-22
786,Melissa,Acosta,2018-12-29,2024-06-17,1986-07-01
787,Tom,Hansen,2021-12-17,,1976-06-05
788,John,Vaughn,2020-05-30,,1968-04-27
789,Amber,Harrison,2021-04-20,,1985-06-18
790,Alexis,Bailey,2016-08-21,,1961-02-04
791,Courtney,Hayes,2018-01-22,2023-11-19,1964-06-21
792,Emily,Patel,2018-08-03,,1975-03-11
793,Harry,Allen,2020-06-08,,1983-10-29
794,Monique,Jones,2018-07-10,2023-07-12,1995-05-12
795,Alex,Donovan,2021-10-13,,1993-04-22
796,Sara,Duffy,2021-01-05,,1985-09-13
797,Desiree,Lewis,2017-03-30,,2000-01-02
798,Kathryn,Clark,2022-03-30,,1982-10-17
799,Jason,Knight,2017-02-09,,1970-12-25
800,Christina,Duarte,2021-09-13,,1992-10-11
801,Shawn,Ho,2021-10-14,2024-12-12,1974-05-21
802,Katherine,Craig,2016-05-08,,1977-10-28
803,Henry,Murray,2018-04-25,,1992-04-20
804,Michael,Kent,2015-09-06,,1970-01-21
805,Melissa,Potter,2017-03-09,2023-12-11,1978-04-04
806,Christopher,Cooper,2020-11-14,,2000-11-10
807,Daniel,Santiago,2020-08-26,,1985-02-07
808,James,Kennedy,2018-03-02,,1983-08-28
809,Donna,Rogers,2017-10-13,2023-09-29,1983-11-11
810,Julie,Anthony,2019-03-21,,1980-04-02
811,Robin,Rogers,2019-09-29,2024-12-14,1999-12-02
812,Rachael,Liu,2022-11-09,,2002-02-22
813,Bradley,Berry,2015-02-14,,1975-10-24
814,Michael,Ellison,2018-05-06,,1961-05-18
815,Lori,Harding,2017-12-05,,2004-06-24
816,Andrew,Owens,2017-04-16,,1986-05-25
817,Thomas,Ruiz,2016-08-13,,1980-02-01
818,Michael,Roberts,2018-04-27,,1981-10-08
819,Mark,Hernandez,2015-04-14,,2004-01-23
820,Amy,Taylor,2015-04-29,,1963-03-09
821,James,Perez,2022-04-23,,1977-03-10
822,Sherri,Chapman,2022-03-22,,1980-04-10
823,Janice,Mcdowell,2019-09-23,,1959-04-23
824,Brian,Roth,2015-11-19,,1972-09-10
825,Barry,Smith,2019-02-18,,1998-08-29
826,Ashley,Hughes,2020-03-19,,1979-04-27
827,Kevin,Dunlap,2016-08-27,,1990-06-29
828,Diana,Nichols,2020-01-04,,1983-01-31
829,Sabrina,Bowen,2022-01-07,,1997-07-08
830,Angela,Murray,2019-04-14,2024-08-19,2002-11-21
831,Karen,Williams,2021-03-24,,1993-01-16
832,Steven,Ray,2016-10-04,,1999-12-22
833,Anna,Gonzalez,2021-08-29,,1963-08-06
834,Scott,Trujillo,2019-12-25,2024-12-03,1971-12-18
835,Paul,Ho,2018-07-10,,1987-12-22
836,Jacqueline,Hines,2016-03-17,,2000-10-14
837,Christie,Willis,2018-01-25,,1969-01-03
838,Todd,Bowers,2020-02-11,,1962-11-28
839,Carla,Riley,2018-02-04,,1973-03-14
840,Keith,Jackson,2017-03-21,2023-10-17,1996-08-09
841,Jessica,Hawkins,2022-12-02,,1965-10-20
842,Jerry,Welch,2021-10-20,2024-05-20,1976-03-11
843,Gina,Nunez,2020-01-31,,1976-04-11
844,Anthony,Hart,2018-03-12,,1991-04-04
845,Nathan,Craig,2016-10-29,,1968-04-11
846,Kelli,Patrick,2021-07-30,,1959-09-17
847,Willie,Ellis,2016-06-10,,2005-03-28
848,Deanna,Dunn,2018-08-15,,1973-12-14
849,Megan,Fisher,2015-03-11,2024-04-08,1990-08-14
850,Thomas,Garcia,2016-05-22,,1972-07-06
851,Jacob,Wiggins,2015-08-03,2024-09-03,1961-09-23
852,Linda,Walters,2018-08-30,2023-08-08,1984-01-24
853,Stacy,Kim,2021-03-13,,1968-06-01
854,Jeremy,Flores,2020-05-08,,1959-12-07
855,Rodney,House,2019-02-19,2024-04-01,2000-12-15
856,Jennifer,May,2016-08-03,,1988-03-07
857,Robert,Mclaughlin,2018-07-15,2024-01-09,1990-02-12
858,Anthony,Day,2019-03-17,,1978-05-24
859,Kevin,Marquez,2021-03-03,2023-10-04,1998-04-08
860,Reginald,Keller,2015-04-15,,1966-01-26
861,John,Anderson,2022-01-19,,1999-05-02
862,William,Woods,2019-11-14,,1999-02-04
863,Albert,Valenzuela,2022-04-01,,1964-04-29
864,Christopher,Hansen,2018-08-19,,1968-07-27
865,Christina,Cooper,2019-06-09,,1973-07-08
866,Scott,Hood,2016-12-30,,2003-04-12
867,Carol,Williams,2018-08-30,,2004-03-02
868,Maria,Gomez,2021-11-16,,1982-08-21
869,Andrea,Smith,2015-05-22,,1971-10-08
870,John,Brown,2022-03-21,,1989-12-07
871,Brett,Barrett,2018-03-04,,2000-01-09
872,Christopher,Smith,2018-08-20,,1985-05-24
873,Brianna,Schneider,2021-05-05,2023-08-26,1966-09-03
874,Charles,Higgins,2021-05-17,,1974-05-19
875,Amy,Bautista,2015-06-11,,2004-05-18
876,Clifford,Wallace,2020-09-26,,1992-03-23
877,Chris,Johnson,2015-08-17,,1992-04-26
878,Donna,Christensen,2016-06-24,,1994-08-18
879,Janet,Arnold,2020-07-27,,1988-05-12
880,Garrett,Henry,2015-09-19,2024-09-27,1994-07-12
881,Lauren,Manning,2015-10-06,,1979-04-28
882,Samuel,Bailey,2016-07-27,,1965-03-18
883,Jessica,Reeves,2016-09-12,,1979-06-01
884,Elizabeth,Garrison,2016-02-23,2023-03-13,1995-09-19
885,Mark,Perry,2020-11-11,,1975-02-06
886,Tom,Snyder,2016-10-31,,1959-12-05
887,Mary,Nguyen,2017-08-20,,1971-02-08
888,Juan,Chapman,2016-01-12,,1975-09-18
889,Zachary,Henry,2019-01-15,,1978-07-29
890,Amy,Lucero,2019-01-02,,1960-07-22
891,Janet,Smith,2018-10-17,,2001-06-01
892,Kiara,Meadows,2015-11-29,,1959-08-28
893,Katrina,Walters,2019-08-18,,1978-10-26
894,James,Madden,2018-11-08,,1982-01-22
895,Cody,Grant,2015-10-12,,1963-03-18
896,Martha,Diaz,2020-07-10,2024-05-20,1974-06-15
897,Stephanie,Pham,2019-06-29,2024-10-16,1967-10-02
898,Matthew,Calhoun,2021-02-10,,1959-09-03
899,Christopher,Kelley,2015-09-12,2024-09-28,2003-10-14
900,Shawn,Gutierrez,2020-11-19,,2004-08-30
901,James,Tucker,2019-09-02,,1998-12-10
902,John,Roy,2022-03-13,2023-03-12,1961-10-22
903,Wendy,Moreno,2019-06-10,2024-12-16,1971-10-27
904,Betty,Bell,2022-10-16,2023-10-19,1999-12-20
905,Erin,Ramirez,2016-09-26,,1965-10-22
906,Michael,Martin,2021-02-23,,2004-04-03
907,Joseph,Schmidt,2016-01-02,,1997-01-01
908,Lori,Guzman,2017-04-28,,2004-06-20
909,Veronica,Mason,2020-01-12,2023-10-03,1973-02-02
910,Miranda,Golden,2016-10-13,,1996-01-24
911,Susan,Boyd,2016-04-17,,1961-09-23
912,Jennifer,Klein,2017-12-04,2023-11-08,1988-09-05
913,Ryan,Torres,2017-07-20,,1965-02-24
914,Alec,Turner,2017-09-07,2024-04-02,2000-08-19
915,Kelly,Nelson,2015-08-20,,1965-08-26
916,Kimberly,Williams,2022-03-25,2024-11-17,1997-07-29
917,Roger,Tanner,2022-08-31,,1992-09-08
918,Jasmine,Fletcher,2021-04-03,,1967-04-09
919,Patricia,James,2015-04-10,,1970-10-11
920,Melissa,Price,2015-08-03,,2004-07-22
921,Emily,Russell,2022-03-18,,1982-03-18
922,David,Leonard,2022-10-27,,1985-01-07
923,Cassandra,Lam,2017-07-12,,1984-09-04
924,Joseph,Solis,2020-05-14,,1993-01-31
925,Lisa,Krueger,2015-06-23,2024-03-05,2004-10-05
926,Glenn,Hanson,2015-06-22,,1994-09-21
927,Charles,Pierce,2017-06-16,,1995-03-07
928,Tamara,Hill,2017-08-10,,1997-03-11
929,Kim,Edwards,2016-09-17,,2004-05-16
930,Colleen,Zamora,2016-07-17,,1975-06-15
931,Sarah,Gomez,2020-08-12,,1965-02-20
932,Angela,Wood,2018-08-01,,1984-03-31
933,Craig,Harris,2018-08-15,2023-02-22,1986-09-21
934,Connor,Bryant,2019-05-07,,2000-08-11
935,Christina,Vaughan,2022-02-11,2023-10-23,1964-01-20
936,William,Barber,2022-07-08,,1970-06-27
937,Scott,Duncan,2019-06-10,,1959-11-09
938,Thomas,King,2015-03-20,,1997-01-04
939,Patrick,Nichols,2020-09-20,,2004-07-31
940,Brittany,Ross,2018-04-01,,1960-01-25
941,Tracy,Saunders,2020-07-09,,1972-07-02
942,Adam,Riley,2015-04-07,,1992-12-29
943,Tyler,Thompson,2022-07-05,,1969-10-12
944,Amanda,Hill,2022-10-26,,1996-02-01
945,John,Deleon,2019-08-27,2024-08-15,1977-09-25
946,Tyler,Greene,2021-03-02,,1983-10-23
947,Sergio,Mendoza,2015-10-06,,2005-01-01
948,Steven,Fuentes,2015-06-14,,2002-03-01
949,Barbara,Wagner,2017-03-30,,1973-02-16
950,Tami,Larson,2021-08-12,2023-10-04,1962-05-22
951,Amanda,Williams,2015-05-28,,1972-03-13
952,Cheryl,Walton,2017-05-05,,1987-04-14
953,Mark,Blankenship,2017-07-29,,1974-12-29
954,James,Contreras,2021-07-14,,1981-02-08
955,Haley,Brown,2020-07-06,,1962-10-26
956,Patrick,Welch,2015-01-30,,1995-01-04
957,Hayley,Mata,2018-12-02,,1962-01-02
958,Diana,Brown,2022-11-14,,2000-06-22
959,Michael,Burton,2015-11-27,2024-08-01,1990-10-06
960,Zoe,Gillespie,2021-07-10,,1963-07-27
961,Paula,Kane,2019-02-16,,1980-09-14
962,Brandon,Hernandez,2020-09-16,,1965-08-20
963,Sandra,Blake,2016-11-03,,1960-02-12
964,Richard,Crane,2019-06-15,,1980-02-09
965,David,Rush,2017-05-21,,1988-02-06
966,Brandy,Davis,2016-09-15,,1969-03-24
967,Nicole,Pacheco,2021-01-05,,2002-05-22
968,Todd,Morton,2015-01-31,,2004-02-11
969,Paige,Thornton,2022-01-14,2023-02-19,1959-10-23
970,Jennifer,Bryant,2021-12-25,2024-10-28,1974-07-15
971,Melanie,Thompson,2018-02-26,2023-04-30,1971-11-30
972,Leah,Miller,2017-12-24,2023-07-17,1970-05-12
973,Tammy,Downs,2021-03-28,,1986-08-19
974,Jessica,Krueger,2019-03-14,,1996-05-25
975,Angela,Leonard,2020-09-23,2024-08-01,1987-12-15
976,Jacob,Dickson,2019-05-10,,1984-08-02
977,Matthew,Mendez,2016-10-16,2024-11-08,1959-06-15
978,Garrett,Aguilar,2017-04-05,,1985-01-07
979,Hunter,Wang,2021-10-24,,1988-07-09
980,Victor,Griffin,2017-11-15,,2001-09-04
981,Carlos,Barker,2018-10-02,,1995-08-23
982,Jeremy,Jones,2017-03-12,,1971-02-04
983,Sarah,Johnson,2018-09-01,,1971-05-30
984,Jonathan,Jenkins,2017-12-02,2023-09-06,1990-05-12
985,Haley,Alvarez,2019-05-28,,1996-01-30
986,Erica,Jenkins,2016-05-03,,2000-09-28
987,Larry,Lloyd,2022-04-18,,1970-02-21
988,Vincent,Garcia,2018-03-14,,1962-02-18
989,Jessica,Alvarado,2020-01-24,,1995-06-01
990,Erik,Simmons,2015-04-29,2023-09-21,1997-06-11
991,Dana,Townsend,2019-12-30,2024-06-21,1998-11-11
992,Lisa,Barnes,2021-10-07,,1986-01-25
993,Rachel,Garcia,2022-04-22,,1975-03-30
994,Nicole,Harper,2022-07-14,,1993-01-18
995,Kelsey,Melendez,2020-09-27,,1992-04-20
996,Anthony,Lee,2019-07-20,2023-03-10,1995-02-22
997,Brent,Jones,2017-04-18,,1990-01-04
998,Aaron,Warner,2017-01-27,,1996-04-28
999,Kristy,Brown,2016-04-06,,1984-08-15
1000,Jason,Young,2015-06-20,2024-02-17,1960-05-23
