SpecialOrderMenuID,SpecialRequestID,OrderMenuID
1,5,177
2,1,789
3,2,888
4,18,166
5,4,806
6,1,775
7,1,967
8,4,908
9,9,599
10,6,364
11,17,951
12,14,511
13,14,811
14,20,764
15,2,655
16,13,599
17,6,965
18,11,317
19,3,501
20,11,287
21,16,373
22,11,39
23,19,569
24,11,62
25,4,647
26,9,578
27,19,664
28,2,518
29,19,632
30,13,803
31,15,463
32,4,123
33,1,478
34,17,926
35,1,238
36,1,668
37,9,226
38,12,92
39,17,777
40,16,345
41,6,793
42,9,508
43,6,97
44,6,956
45,16,435
46,10,38
47,19,916
48,13,285
49,14,177
50,12,392
51,5,961
52,20,967
53,10,847
54,17,85
55,7,272
56,2,855
57,12,931
58,4,789
59,15,259
60,4,459
61,19,90
62,15,919
63,5,428
64,11,341
65,3,38
66,6,869
67,7,272
68,9,269
69,7,785
70,8,108
71,11,379
72,8,190
73,14,441
74,15,268
75,12,291
76,15,992
77,16,354
78,16,699
79,15,676
80,7,513
81,9,758
82,5,649
83,13,147
84,11,614
85,18,925
86,16,811
87,11,425
88,2,757
89,7,611
90,3,293
91,1,746
92,10,378
93,19,264
94,15,89
95,20,676
96,3,690
97,9,860
98,1,588
99,16,818
100,16,905
101,3,118
102,6,856
103,17,225
104,1,955
105,14,748
106,3,838
107,19,475
108,20,572
109,2,46
110,16,261
111,9,610
112,13,519
113,13,497
114,14,849
115,20,439
116,16,139
117,9,22
118,16,618
119,5,194
120,3,831
121,15,561
122,4,828
123,6,197
124,10,455
125,8,253
126,12,609
127,13,402
128,14,954
129,17,334
130,8,754
131,2,169
132,7,320
133,5,921
134,12,178
135,7,837
136,13,487
137,19,687
138,12,427
139,5,3
140,12,722
141,11,821
142,18,498
143,15,289
144,13,676
145,16,693
146,7,124
147,11,319
148,1,448
149,16,268
150,18,866
151,3,782
152,2,915
153,16,277
154,6,4
155,17,816
156,8,175
157,20,446
158,10,711
159,15,127
160,13,195
161,9,361
162,14,196
163,3,290
164,6,159
165,13,334
166,3,362
167,9,350
168,20,395
169,20,89
170,7,571
171,13,203
172,8,147
173,4,837
174,19,968
175,13,441
176,6,738
177,15,157
178,11,852
179,13,91
180,10,213
181,9,547
182,8,262
183,19,962
184,2,126
185,19,884
186,11,705
187,3,369
188,20,353
189,11,75
190,13,863
191,13,10
192,7,590
193,1,684
194,2,361
195,13,280
196,7,953
197,13,136
198,5,892
199,4,991
200,2,644
201,12,371
202,3,792
203,13,145
204,9,888
205,2,493
206,15,348
207,17,7
208,15,377
209,2,412
210,10,925
211,17,555
212,4,516
213,3,654
214,7,64
215,12,523
216,7,927
217,16,281
218,8,663
219,20,898
220,14,539
221,12,945
222,6,177
223,16,714
224,6,14
225,20,450
226,11,161
227,19,483
228,18,74
229,13,155
230,15,401
231,15,193
232,16,211
233,2,315
234,11,34
235,12,709
236,10,680
237,17,189
238,19,673
239,19,634
240,2,217
241,16,501
242,3,543
243,6,959
244,19,108
245,20,751
246,13,802
247,20,255
248,20,156
249,4,417
250,11,482
251,10,163
252,18,463
253,6,254
254,16,250
255,1,159
256,2,900
257,5,420
258,19,129
259,8,460
260,7,458
261,4,938
262,7,739
263,5,440
264,13,450
265,17,299
266,19,445
267,7,904
268,16,630
269,9,344
270,14,934
271,1,519
272,6,813
273,3,521
274,8,881
275,14,127
276,18,595
277,18,650
278,10,865
279,3,300
280,12,781
281,16,395
282,16,551
283,3,993
284,5,458
285,20,656
286,3,724
287,17,469
288,9,771
289,6,302
290,12,598
291,3,703
292,19,155
293,12,1000
294,14,589
295,3,297
296,16,275
297,14,622
298,12,626
299,11,199
300,18,807
301,20,75
302,6,207
303,5,428
304,8,501
305,12,355
306,12,653
307,5,907
308,18,507
309,11,161
310,18,888
311,16,850
312,1,746
313,14,769
314,7,906
315,1,413
316,5,419
317,5,517
318,18,267
319,6,727
320,20,835
321,8,619
322,8,988
323,12,898
324,5,5
325,18,932
326,15,704
327,17,339
328,20,236
329,16,415
330,4,665
331,12,433
332,7,920
333,12,450
334,20,662
335,14,514
336,10,215
337,16,782
338,6,192
339,14,33
340,17,196
341,10,78
342,16,407
343,9,127
344,14,924
345,9,731
346,12,729
347,11,796
348,2,212
349,15,896
350,5,110
351,17,496
352,8,461
353,4,612
354,1,16
355,4,350
356,18,250
357,12,310
358,2,43
359,17,938
360,18,213
361,2,568
362,18,697
363,16,547
364,11,227
365,13,194
366,10,205
367,12,105
368,1,670
369,11,327
370,18,815
371,4,997
372,1,681
373,11,964
374,17,909
375,1,746
376,4,99
377,1,525
378,18,17
379,18,108
380,14,408
381,16,413
382,20,287
383,16,554
384,9,838
385,9,12
386,16,162
387,14,256
388,3,434
389,19,139
390,7,551
391,15,60
392,18,890
393,18,123
394,14,893
395,13,612
396,7,228
397,13,513
398,10,542
399,13,857
400,11,710
401,8,756
402,8,937
403,8,630
404,10,660
405,15,895
406,15,375
407,9,978
408,19,199
409,14,74
410,8,113
411,7,363
412,16,283
413,19,794
414,5,907
415,5,685
416,14,916
417,6,247
418,17,577
419,4,496
420,20,558
421,3,931
422,12,97
423,1,369
424,6,497
425,7,252
426,16,267
427,10,829
428,7,89
429,18,881
430,16,326
431,8,594
432,10,823
433,11,87
434,2,23
435,11,690
436,6,387
437,4,794
438,20,437
439,10,13
440,1,513
441,11,431
442,1,867
443,9,188
444,16,242
445,5,733
446,14,390
447,1,362
448,20,62
449,16,297
450,19,407
451,14,39
452,6,974
453,20,145
454,3,421
455,9,935
456,12,669
457,19,179
458,16,830
459,15,147
460,8,319
461,14,884
462,13,975
463,1,507
464,19,566
465,18,655
466,11,620
467,19,135
468,4,149
469,20,956
470,18,946
471,3,983
472,15,345
473,10,108
474,16,654
475,8,801
476,13,564
477,14,714
478,12,150
479,7,890
480,20,982
481,15,916
482,17,437
483,17,985
484,12,657
485,17,102
486,15,966
487,10,812
488,17,795
489,20,251
490,12,346
491,12,45
492,15,979
493,4,426
494,8,129
495,4,67
496,20,62
497,18,543
498,9,297
499,9,34
500,9,80
501,20,331
502,13,888
503,3,492
504,14,865
505,8,629
506,19,912
507,11,596
508,6,509
509,11,946
510,16,668
511,9,19
512,16,405
513,16,140
514,16,727
515,9,630
516,8,906
517,15,537
518,6,66
519,3,39
520,5,578
521,8,627
522,17,490
523,9,658
524,17,363
525,15,189
526,15,889
527,12,979
528,13,433
529,3,544
530,20,406
531,3,429
532,18,956
533,19,384
534,17,51
535,16,547
536,11,220
537,12,429
538,16,566
539,19,96
540,18,782
541,8,401
542,5,571
543,6,953
544,20,829
545,2,690
546,1,956
547,2,168
548,11,117
549,19,298
550,1,43
551,11,454
552,10,977
553,12,232
554,4,483
555,15,201
556,8,56
557,13,539
558,11,703
559,18,998
560,12,465
561,10,85
562,2,946
563,11,288
564,19,773
565,3,203
566,19,593
567,8,19
568,9,200
569,10,634
570,6,11
571,10,618
572,14,916
573,5,977
574,16,159
575,4,27
576,5,936
577,7,54
578,20,350
579,8,866
580,8,810
581,2,757
582,14,681
583,11,401
584,8,182
585,7,408
586,12,816
587,7,41
588,12,494
589,20,8
590,16,648
591,11,182
592,19,668
593,18,959
594,1,292
595,19,505
596,13,293
597,6,526
598,17,846
599,6,335
600,4,915
601,20,669
602,13,460
603,1,639
604,17,536
605,16,734
606,18,548
607,16,864
608,11,543
609,16,631
610,17,176
611,18,65
612,5,237
613,16,173
614,7,473
615,15,234
616,14,546
617,8,121
618,2,912
619,19,339
620,16,962
621,15,179
622,8,157
623,19,611
624,17,804
625,8,847
626,14,213
627,13,178
628,14,139
629,1,589
630,19,465
631,16,687
632,19,696
633,16,179
634,17,988
635,11,790
636,11,336
637,1,263
638,2,39
639,10,115
640,9,304
641,12,607
642,2,687
643,15,874
644,5,693
645,20,255
646,13,564
647,6,701
648,20,974
649,1,867
650,3,915
651,1,303
652,15,502
653,20,790
654,8,905
655,6,377
656,5,299
657,13,241
658,12,657
659,5,88
660,15,519
661,17,550
662,6,412
663,12,807
664,10,319
665,13,370
666,8,615
667,1,275
668,11,466
669,20,560
670,10,54
671,3,59
672,12,487
673,14,834
674,16,645
675,4,852
676,3,851
677,15,588
678,15,178
679,11,755
680,7,277
681,19,772
682,18,439
683,15,222
684,6,410
685,9,421
686,11,614
687,18,856
688,3,536
689,19,248
690,18,490
691,15,863
692,2,359
693,17,369
694,17,654
695,10,666
696,1,375
697,16,664
698,11,18
699,11,287
700,7,852
701,18,941
702,1,345
703,12,558
704,7,250
705,13,553
706,11,505
707,20,370
708,16,40
709,5,14
710,14,896
711,17,760
712,7,512
713,20,766
714,12,476
715,2,993
716,15,33
717,1,632
718,12,596
719,3,56
720,7,750
721,2,193
722,14,119
723,20,455
724,14,809
725,15,149
726,6,98
727,3,646
728,5,900
729,18,80
730,4,813
731,11,233
732,13,785
733,18,372
734,8,602
735,18,724
736,15,513
737,1,3
738,6,290
739,16,198
740,17,215
741,11,243
742,8,113
743,15,826
744,19,776
745,18,384
746,5,690
747,4,431
748,10,595
749,19,431
750,6,271
751,10,19
752,3,119
753,8,50
754,16,86
755,4,320
756,16,416
757,8,32
758,1,93
759,14,908
760,7,633
761,19,694
762,2,205
763,17,944
764,12,941
765,17,214
766,7,335
767,2,191
768,14,8
769,18,870
770,9,959
771,17,446
772,7,171
773,14,179
774,17,829
775,4,996
776,14,393
777,15,56
778,6,704
779,7,581
780,18,213
781,13,80
782,14,398
783,11,762
784,14,283
785,2,134
786,13,779
787,16,396
788,16,409
789,12,858
790,12,960
791,19,233
792,12,237
793,15,120
794,8,389
795,11,97
796,10,300
797,4,54
798,1,926
799,11,563
800,15,977
801,16,160
802,5,195
803,12,108
804,1,8
805,10,66
806,2,487
807,6,88
808,11,708
809,18,460
810,20,124
811,17,617
812,18,814
813,3,597
814,1,303
815,18,325
816,11,477
817,11,944
818,17,757
819,15,257
820,5,48
821,7,343
822,11,781
823,16,113
824,17,619
825,10,682
826,12,653
827,16,587
828,5,371
829,2,30
830,17,568
831,1,76
832,5,613
833,10,918
834,4,727
835,1,12
836,10,6
837,3,862
838,12,850
839,2,776
840,15,834
841,10,341
842,19,423
843,8,790
844,4,452
845,13,818
846,13,829
847,1,239
848,17,653
849,4,367
850,14,162
851,4,822
852,3,428
853,11,232
854,12,374
855,13,613
856,14,378
857,3,90
858,8,484
859,10,819
860,1,443
861,9,245
862,15,371
863,12,187
864,2,271
865,2,113
866,2,246
867,10,668
868,11,968
869,18,29
870,10,154
871,2,722
872,18,191
873,19,826
874,5,951
875,5,996
876,16,540
877,1,803
878,13,776
879,19,386
880,20,491
881,2,101
882,13,56
883,10,407
884,20,425
885,10,335
886,20,761
887,8,434
888,11,23
889,14,173
890,12,302
891,17,596
892,2,172
893,8,991
894,13,198
895,7,376
896,18,905
897,7,457
898,13,451
899,10,455
900,16,295
901,5,84
902,6,681
903,10,309
904,12,594
905,11,45
906,17,377
907,4,483
908,16,88
909,2,511
910,17,346
911,8,197
912,8,155
913,12,132
914,3,731
915,10,508
916,6,885
917,9,699
918,9,640
919,20,953
920,14,633
921,13,868
922,8,856
923,20,506
924,2,711
925,2,812
926,2,694
927,9,787
928,12,357
929,7,168
930,19,404
931,18,125
932,1,324
933,9,540
934,18,476
935,18,967
936,14,935
937,16,536
938,6,640
939,11,721
940,4,932
941,10,865
942,1,947
943,19,537
944,13,610
945,4,827
946,15,732
947,2,119
948,19,411
949,19,836
950,17,747
951,15,568
952,7,883
953,3,256
954,16,102
955,1,489
956,19,995
957,17,109
958,4,325
959,13,887
960,14,981
961,18,117
962,18,96
963,4,69
964,8,265
965,1,167
966,8,741
967,18,270
968,10,119
969,13,161
970,20,300
971,4,719
972,6,826
973,18,513
974,4,320
975,12,374
976,2,909
977,4,313
978,13,990
979,9,427
980,11,451
981,9,223
982,14,77
983,13,938
984,5,689
985,12,958
986,15,209
987,8,455
988,4,77
989,5,946
990,12,759
991,8,482
992,14,918
993,4,862
994,5,907
995,15,732
996,13,271
997,19,95
998,17,588
999,15,913
1000,13,945
